{"cameraMode":{"drawMode":0,"name":"Shaded","section":"Shading Mode"},"sceneLighting":false,"audioPlay":false,"sceneViewState":{"showFog":true,"showMaterialUpdate":false,"showSkybox":true,"showFlares":true,"showImageEffects":true,"showParticleSystems":true},"in2DMode":false,"pivot":{"x":0.6842703819274902,"y":0.7908972501754761,"z":-1.7653238773345948},"rotation":{"x":0.05466564744710922,"y":-0.8976988792419434,"z":0.11644979566335678,"w":0.4214113652706146},"size":4.657884120941162,"orthographic":false}