{"cameraMode":{"drawMode":0,"name":"Shaded","section":"Shading Mode"},"sceneLighting":true,"audioPlay":false,"sceneViewState":{"showFog":true,"showMaterialUpdate":false,"showSkybox":true,"showFlares":true,"showImageEffects":true,"showParticleSystems":true},"in2DMode":false,"pivot":{"x":17.988964080810548,"y":1.0000267028808594,"z":8.501969337463379},"rotation":{"x":-0.10604450851678848,"y":0.7933602929115295,"z":-0.14462122321128846,"w":-0.5817369222640991},"size":45.347930908203128,"orthographic":false}